{
 "0": [
  0.3767323121808899,
  0.6232676878191101
 ],
 "1": [
  0.5215171407731582,
  0.4784828592268417
 ],
 "2": [
  0.5443107221006565,
  0.45568927789934355
 ],
 "3": [
  0.24981765134938003,
  0.75018234865062
 ],
 "4": [
  0.6431892778993435,
  0.35681072210065645
 ],
 "5": [
  0.5819201312910285,
  0.41807986870897157
 ]
}