{
 "0": [
  0.4,
  0.6000000000000001
 ],
 "1": [
  0.30000000000000004,
  0.7
 ]
}