{
 "0": [
  0.4042553191489362,
  0.5957446808510638
 ],
 "1": [
  0.2553191489361702,
  0.7446808510638299
 ],
 "2": [
  0.3404255319148936,
  0.6595744680851063
 ]
}