{
 "0": [
  0.6000000000000001,
  0.4
 ],
 "1": [
  0.48000000000000004,
  0.4,
  0.12000000000000001
 ],
 "2": [
  0.27,
  0.73
 ],
 "3": [
  0.446,
  0.554
 ]
}