{
 "0": [
  0.40359897172236503,
  0.596401028277635
 ],
 "1": [
  0.26221079691516713,
  0.737789203084833
 ],
 "2": [
  0.8329048843187661,
  0.16709511568123392
 ],
 "3": [
  0.43547557840616963,
  0.5645244215938303
 ],
 "4": [
  0.5368637532133677,
  0.4631362467866324
 ]
}