{
 "0": [
  0.3888111888111888,
  0.6111888111888112
 ],
 "2": [
  0.41748251748251747,
  0.5825174825174826
 ],
 "3": [
  0.23076923076923078,
  0.7692307692307692
 ],
 "4": [
  0.6054195804195804,
  0.3945804195804196
 ],
 "5": [
  0.6021561771561771,
  0.39784382284382286
 ]
}