{
 "0": [
  0.3333333333333333,
  0.6666666666666666
 ],
 "1": [
  0.4,
  0.6
 ],
 "3": [
  0.31825795644891125,
  0.6817420435510888
 ],
 "4": [
  0.7788944723618091,
  0.22110552763819094
 ],
 "5": [
  0.509212730318258,
  0.490787269681742
 ]
}