{
 "var": [
  0,
  1,
  2,
  3,
  4
 ],
 "card": [
  2,
  2,
  3,
  2,
  2
 ],
 "val": [
  0.011222222222222222,
  0.02288888888888889,
  0.0003333333333333333,
  0.0014444444444444444,
  0.06144444444444445,
  0.009444444444444445,
  0.003777777777777778,
  0.003,
  0.11633333333333333,
  0.0054444444444444445,
  0.025333333333333333,
  0.004,
  0.10244444444444445,
  0.21688888888888888,
  0.0015555555555555555,
  0.013333333333333334,
  0.0908888888888889,
  0.012222222222222223,
  0.006666666666666667,
  0.0038888888888888888,
  0.0015555555555555555,
  0.0,
  0.00022222222222222223,
  0.00011111111111111112,
  0.0003333333333333333,
  0.0006666666666666666,
  0.0011111111111111111,
  0.0036666666666666666,
  0.003,
  0.0005555555555555556,
  0.015111111111111112,
  0.012,
  0.005666666666666667,
  0.00011111111111111112,
  0.0971111111111111,
  0.01888888888888889,
  0.005888888888888889,
  0.011,
  0.007222222222222222,
  0.051333333333333335,
  0.0064444444444444445,
  0.0006666666666666666,
  0.025666666666666667,
  0.018222222222222223,
  0.0,
  0.0,
  0.0007777777777777777,
  0.00011111111111111112
 ]
}