{
 "var": [
  0,
  1,
  3,
  4
 ],
 "card": [
  2,
  2,
  2,
  2
 ],
 "val": [
  0.23322222222222222,
  0.030444444444444444,
  0.012777777777777779,
  0.009,
  0.36444444444444446,
  0.043666666666666666,
  0.021333333333333333,
  0.01633333333333333,
  0.011666666666666667,
  0.0015555555555555555,
  0.05333333333333334,
  0.03988888888888889,
  0.017888888888888888,
  0.0023333333333333335,
  0.07633333333333334,
  0.06577777777777778
 ]
}