{
 "0": [
  0.40425531914893614,
  0.5957446808510638
 ],
 "1": [
  0.2553191489361702,
  0.7446808510638298
 ],
 "2": [
  0.3404255319148936,
  0.6595744680851063
 ]
}