{
 "0": [
  0.40359897172236503,
  0.596401028277635
 ],
 "1": [
  0.2622107969151671,
  0.7377892030848329
 ],
 "2": [
  0.8329048843187661,
  0.16709511568123395
 ],
 "3": [
  0.4354755784061697,
  0.5645244215938303
 ],
 "4": [
  0.5368637532133677,
  0.4631362467866324
 ]
}