{
 "0": [
  0.3888111888111888,
  0.6111888111888112
 ],
 "2": [
  0.41748251748251747,
  0.5825174825174825
 ],
 "3": [
  0.23076923076923078,
  0.7692307692307693
 ],
 "4": [
  0.6054195804195804,
  0.39458041958041956
 ],
 "5": [
  0.6021561771561772,
  0.39784382284382286
 ]
}