{
 "0": [
  0.3333333333333333,
  0.6666666666666666
 ],
 "1": [
  0.4,
  0.6
 ],
 "3": [
  0.3225806451612903,
  0.6774193548387096
 ],
 "5": [
  0.3978494623655914,
  0.6021505376344086
 ]
}