{
 "0": {
  "variance": 0.9946864529156189,
  "bias": 0.0015767005081253399
 }
}