{
 "0": {
  "variance": 0.8977955190621965,
  "bias": -0.0047246815149741776
 },
 "1": {
  "variance": 0.09855837347633409,
  "bias": 0.28892301594603154,
  "0": 0.49435455945429285
 },
 "2": {
  "variance": 1.4093760292889572,
  "bias": 0.2613290038160556,
  "0": -0.49568402590248406,
  "1": 0.7503921753237173
 }
}