{
 "0": {
  "variance": 0.9974877408077156,
  "bias": -0.002001361888785093
 },
 "1": {
  "variance": 0.09995851021893401,
  "bias": 0.3016807769192893,
  "0": 0.5007563285952912
 },
 "2": {
  "variance": 1.4939431801634744,
  "bias": 0.3009872805902953,
  "0": -0.5053310270807262,
  "1": 0.8015230035545383
 }
}