{
 "var": [
  0,
  1,
  2,
  3,
  4
 ],
 "card": [
  2,
  2,
  3,
  2,
  2
 ],
 "val": [
  0.0112,
  0.0238,
  0.0002,
  0.0009000000000000001,
  0.0651,
  0.008000000000000002,
  0.0029000000000000002,
  0.0032,
  0.12180000000000002,
  0.005100000000000001,
  0.021600000000000005,
  0.0048000000000000004,
  0.10690000000000001,
  0.2194,
  0.0014,
  0.0114,
  0.098,
  0.012700000000000001,
  0.005400000000000001,
  0.0032,
  0.0011,
  0.0,
  0.00030000000000000003,
  0.0,
  0.0008000000000000001,
  0.0014000000000000002,
  0.0006000000000000001,
  0.0053,
  0.0032000000000000006,
  0.0006000000000000001,
  0.0148,
  0.013000000000000001,
  0.004400000000000001,
  0.00020000000000000004,
  0.09860000000000002,
  0.016800000000000002,
  0.005100000000000001,
  0.011100000000000002,
  0.0057,
  0.0461,
  0.0045000000000000005,
  0.0006000000000000001,
  0.020200000000000003,
  0.017,
  0.0,
  0.0,
  0.0012000000000000001,
  0.00039999999999999996
 ]
}