{
 "var": [
  0,
  1,
  3,
  4
 ],
 "card": [
  2,
  2,
  2,
  2
 ],
 "val": [
  0.22915152700055705,
  0.03080929738423458,
  0.013372090878574036,
  0.011398554707529316,
  0.35531028784117274,
  0.04733535728382401,
  0.021579788038526383,
  0.016046509054288845,
  0.011066557968475067,
  0.00168211681120821,
  0.05321169956508427,
  0.043048910497368004,
  0.018296709174545445,
  0.002478908984938415,
  0.08069365185346403,
  0.06451803295620963
 ]
}