{
 "var": [
  0,
  1,
  3,
  4,
  6,
  7,
  8,
  9
 ],
 "card": [
  2,
  2,
  2,
  2,
  2,
  2,
  2,
  2
 ],
 "val": [
  0.0,
  0.0009733956945676036,
  0.00030418615455237623,
  0.00032446523152253456,
  0.0,
  0.00011798735691728533,
  1.8435524518325833e-05,
  0.00014748419614660674,
  0.00010139538485079208,
  0.002595721852180277,
  0.0003041861545523761,
  0.001622326157612673,
  1.843552451832583e-05,
  0.00023597471383457065,
  0.00023966181873823588,
  0.0011798735691728535,
  0.0008111630788063366,
  0.0076249329407795646,
  0.00030418615455237623,
  0.0030824196994640794,
  1.8435524518325836e-05,
  0.00023597471383457068,
  5.5306573554977494e-05,
  0.00032446523152253467,
  0.002636280006120594,
  0.035042245004433745,
  0.002737675390971387,
  0.017521122502216872,
  7.374209807330332e-05,
  0.0009144020161089613,
  0.0007742920297696852,
  0.002831696566014848,
  0.0,
  0.0003244652315225346,
  0.0,
  0.0001622326157612673,
  0.0,
  5.899367845864267e-05,
  0.00011061314710995499,
  5.899367845864268e-05,
  0.0009125584636571287,
  0.00665153724621196,
  0.00040558153940316825,
  0.0012978609260901385,
  5.53065735549775e-05,
  0.0004719494276691413,
  0.0003318394413298649,
  0.001946791389135208,
  0.0007097676939555448,
  0.009733956945676041,
  0.0004055815394031684,
  0.0034068849309866144,
  3.6871049036651665e-05,
  0.000265471553063892,
  0.0001659197206649325,
  0.000353962070751856,
  0.006590700015301485,
  0.07819612079693086,
  0.007908840018361783,
  0.04055815394031683,
  0.00014748419614660663,
  0.002123772424511136,
  0.0013273577653194599,
  0.0062533299166161235,
  0.0,
  0.0001622326157612673,
  0.0,
  0.0003244652315225346,
  0.0,
  2.949683922932133e-05,
  0.0,
  0.0,
  0.0012167446182095054,
  0.01086958525600491,
  0.0011153492333587129,
  0.007462700325018295,
  3.6871049036651665e-05,
  0.0007964146591916759,
  0.0006268078336230782,
  0.0035101238682892395,
  0.0,
  0.00032446523152253467,
  0.0,
  0.0,
  0.0,
  0.0,
  0.0,
  2.9496839229321345e-05,
  0.0030418615455237623,
  0.02903963822126685,
  0.0024334892364190107,
  0.014276470186991524,
  5.530657355497749e-05,
  0.0007079241415037118,
  0.0007374209807330335,
  0.0022712566206577437,
  0.00010139538485079208,
  0.0027579544679415444,
  0.00010139538485079206,
  0.0014600935418514057,
  9.217762259162915e-05,
  0.00032446523152253467,
  0.00022122629421990998,
  0.0003539620707518561,
  0.0007097676939555445,
  0.013465307108185186,
  0.0013181400030602968,
  0.0060026067831668905,
  0.00014748419614660671,
  0.0013568546045487813,
  0.0008664696523613141,
  0.004159054331334309,
  0.0007097676939555445,
  0.005191443704360556,
  0.00030418615455237634,
  0.0045425132413154864,
  0.0,
  0.000265471553063892,
  0.00014748419614660663,
  0.0005014462668984629,
  0.0036502338546285148,
  0.03504224500443374,
  0.003853024624330099,
  0.01752112250221687,
  5.530657355497749e-05,
  0.001091383051484889,
  0.00042401706392149413,
  0.0025662250129509564,
  0.0,
  0.002920187083702811,
  0.0,
  0.001135628310328871,
  0.0,
  0.00023597471383457065,
  0.00012904867162828084,
  0.0005014462668984629,
  0.0011153492333587129,
  0.014438702802752789,
  0.0018251169273142567,
  0.006976002477734494,
  0.0002027907697015841,
  0.0010913830514848893,
  0.0009955183239895953,
  0.0037460985821238094,
  0.0,
  0.0006489304630450693,
  0.00010139538485079208,
  0.00032446523152253467,
  0.0,
  2.9496839229321335e-05,
  3.6871049036651665e-05,
  2.9496839229321335e-05,
  0.00020279076970158415,
  0.004055815394031684,
  0.0001013953848507921,
  0.0012978609260901387,
  0.0,
  5.899367845864266e-05,
  5.53065735549775e-05,
  0.000176981035375928,
  0.0002027907697015842,
  0.0019467913891352076,
  0.00020279076970158415,
  0.001622326157612673,
  3.6871049036651665e-05,
  0.000176981035375928,
  9.217762259162915e-05,
  0.0007079241415037123,
  0.002839070775822178,
  0.027417312063654175,
  0.0021293030818666336,
  0.014438702802752789,
  0.00023966181873823585,
  0.0023597471383457066,
  0.001714503780204302,
  0.008111630788063368,
  0.0,
  0.000486697847283802,
  0.00010139538485079208,
  0.00032446523152253467,
  1.8435524518325836e-05,
  0.0,
  0.0,
  2.949683922932134e-05,
  0.0011153492333587129,
  0.00665153724621196,
  0.0007097676939555445,
  0.004866978472838019,
  0.0,
  0.00014748419614660666,
  9.217762259162915e-05,
  0.00047194942766914146,
  0.0,
  0.0003244652315225346,
  0.0,
  0.0,
  1.8435524518325833e-05,
  5.899367845864266e-05,
  3.6871049036651665e-05,
  2.949683922932134e-05,
  0.0020279076970158415,
  0.027417312063654168,
  0.003244652315225346,
  0.010707352640243641,
  0.00029496839229321327,
  0.0019467913891352078,
  0.0016591972066493244,
  0.007875656074228798,
  0.0,
  0.00016223261576126736,
  0.0,
  0.0,
  1.843552451832583e-05,
  0.0,
  1.8435524518325833e-05,
  0.00011798735691728537,
  0.006996281554704653,
  0.06489304630450694,
  0.0078074446335109895,
  0.03293322099953727,
  9.217762259162914e-05,
  0.0015633324791540302,
  0.0009770827994712696,
  0.004866978472838021,
  0.0009125584636571289,
  0.005515908935883089,
  0.0007097676939555444,
  0.0034068849309866135,
  0.00012904867162828087,
  0.0005604399453571055,
  0.00020279076970158418,
  0.0018877977106765659,
  0.0032446523152253465,
  0.03260875576801473,
  0.0035488384697777223,
  0.01752112250221687,
  0.00023966181873823585,
  0.0033331428329133107,
  0.0021569563686441224,
  0.008642573894191154,
  0.0016223261576126732,
  0.013303074492423926,
  0.0018251169273142578,
  0.010058422177198578,
  7.374209807330334e-05,
  0.000530943106127784,
  0.00023966181873823577,
  0.0010913830514848897,
  0.007908840018361783,
  0.07965621433878226,
  0.009125584636571288,
  0.04055815394031683,
  0.0001290486716282808,
  0.002094275585281814,
  0.0012351801427278309,
  0.005633896292800375
 ]
}