{
 "var": [
  0,
  1,
  2,
  3,
  4
 ],
 "card": [
  2,
  2,
  3,
  2,
  2
 ],
 "val": [
  0.01197,
  0.02394,
  0.00018,
  0.0012000000000000001,
  0.06384000000000001,
  0.008512,
  0.0036,
  0.00288,
  0.118503,
  0.0052668,
  0.024948,
  0.004752,
  0.10772999999999999,
  0.21545999999999998,
  0.00162,
  0.0108,
  0.09576,
  0.012767999999999998,
  0.0054,
  0.00432,
  0.001197,
  5.32e-05,
  0.000252,
  4.8e-05,
  0.00063,
  0.00126,
  0.00072,
  0.0048000000000000004,
  0.0033600000000000006,
  0.00044800000000000005,
  0.0144,
  0.01152,
  0.006237,
  0.0002772,
  0.099792,
  0.019008,
  0.0056700000000000006,
  0.011340000000000001,
  0.00648,
  0.0432,
  0.00504,
  0.000672,
  0.0216,
  0.01728,
  6.3e-05,
  2.8000000000000003e-06,
  0.001008,
  0.000192
 ]
}