{
 "var": [
  0,
  1,
  3,
  4,
  6,
  7,
  8,
  9
 ],
 "card": [
  2,
  2,
  2,
  2,
  2,
  2,
  2,
  2
 ],
 "val": [
  5.276091783863804e-05,
  0.0005627831236121392,
  6.155440414507772e-05,
  0.0002813915618060696,
  4.796447076239822e-06,
  5.116210214655812e-05,
  3.3575129533678756e-05,
  0.00015348630643967438,
  0.0003165655070318283,
  0.0033766987416728347,
  0.0003693264248704662,
  0.0016883493708364174,
  2.8778682457438927e-05,
  0.00030697261287934865,
  0.00020145077720207255,
  0.0009209178386380459,
  0.0005601450777202073,
  0.005974880829015546,
  0.0006535025906735751,
  0.002987440414507773,
  1.4549222797927464e-05,
  0.00015519170984455965,
  0.00010184455958549222,
  0.00046557512953367884,
  0.003360870466321243,
  0.035849284974093266,
  0.00392101554404145,
  0.017924642487046633,
  8.729533678756477e-05,
  0.0009311502590673577,
  0.0006110673575129535,
  0.002793450777202073,
  5.8623242042931167e-05,
  0.0006253145817912658,
  6.839378238341968e-05,
  0.0003126572908956329,
  5.329385640266469e-06,
  5.684678016284236e-05,
  3.730569948186528e-05,
  0.00017054034048852705,
  0.0006806158401184306,
  0.007259902294596596,
  0.0007940518134715024,
  0.003629951147298298,
  6.187416728349371e-05,
  0.0006599911176905996,
  0.0004331191709844558,
  0.0019799733530717987,
  0.0006223834196891193,
  0.006638756476683939,
  0.0007261139896373056,
  0.0033193782383419694,
  1.6165803108808292e-05,
  0.00017243523316062183,
  0.00011316062176165804,
  0.0005173056994818655,
  0.007225871502590673,
  0.07707596269430052,
  0.008430183419689116,
  0.03853798134715026,
  0.0001876849740932642,
  0.002001973056994819,
  0.0013137948186528496,
  0.006005919170984456,
  9.379718726868986e-06,
  0.00010005033308660254,
  1.094300518134715e-05,
  5.002516654330127e-05,
  8.52701702442635e-07,
  9.095484826054778e-06,
  5.968911917098445e-06,
  2.728645447816433e-05,
  0.0011818445595854921,
  0.012606341968911916,
  0.0013788186528497404,
  0.006303170984455958,
  0.000107440414507772,
  0.0011460310880829017,
  0.000752082901554404,
  0.0034380932642487047,
  1.9834196891191712e-05,
  0.00021156476683937823,
  2.313989637305699e-05,
  0.00010578238341968912,
  5.151739452257587e-07,
  5.495188749074761e-06,
  3.6062176165803106e-06,
  1.6485566247224286e-05,
  0.0024991088082901547,
  0.026657160621761655,
  0.0029156269430051806,
  0.013328580310880828,
  6.491191709844558e-05,
  0.0006923937823834196,
  0.00045438341968911917,
  0.002077181347150259,
  0.0002813915618060695,
  0.003001509992598076,
  0.00032829015544041446,
  0.001500754996299038,
  2.558105107327905e-05,
  0.0002728645447816433,
  0.00017906735751295334,
  0.0008185936343449299,
  0.0014435387120651365,
  0.015397746262028127,
  0.0016841284974093258,
  0.0076988731310140635,
  0.00013123079200592151,
  0.0013997951147298297,
  0.0009186155440414505,
  0.0041993853441894885,
  0.0005950259067357513,
  0.006346943005181347,
  0.0006941968911917097,
  0.0031734715025906737,
  1.545521835677276e-05,
  0.00016485566247224283,
  0.00010818652849740931,
  0.0004945669874167285,
  0.003052482901554403,
  0.032559817616580305,
  0.00356123005181347,
  0.016279908808290153,
  7.928527017024425e-05,
  0.0008457095484826053,
  0.0005549968911917097,
  0.0025371286454478163,
  0.00021104367135455217,
  0.0022511324944485566,
  0.00024621761658031086,
  0.0011255662472242783,
  1.9185788304959287e-05,
  0.00020464840858623248,
  0.00013430051813471502,
  0.0006139452257586975,
  0.0012662620281273132,
  0.013506794966691339,
  0.0014773056994818647,
  0.0067533974833456694,
  0.00011511472982975571,
  0.0012278904515173946,
  0.0008058031088082902,
  0.0036836713545521835,
  5.539896373056995e-05,
  0.0005909222797927462,
  6.463212435233159e-05,
  0.0002954611398963731,
  1.438934122871947e-06,
  1.5348630643967436e-05,
  1.0072538860103626e-05,
  4.60458919319023e-05,
  0.0003323937823834196,
  0.003545533678756477,
  0.0003877927461139896,
  0.0017727668393782384,
  8.633604737231679e-06,
  9.209178386380459e-05,
  6.0435233160621764e-05,
  0.00027627535159141373,
  0.00023449296817172467,
  0.0025012583271650634,
  0.00027357512953367873,
  0.0012506291635825317,
  2.1317542561065875e-05,
  0.00022738712065136944,
  0.00014922279792746113,
  0.0006821613619541082,
  0.0027224633604737225,
  0.029039609178386383,
  0.0031762072538860098,
  0.014519804589193192,
  0.00024749666913397484,
  0.0026399644707623985,
  0.0017324766839378232,
  0.007919893412287195,
  6.155440414507772e-05,
  0.000656580310880829,
  7.181347150259066e-05,
  0.0003282901554404145,
  1.5988156920799409e-06,
  1.7054034048852706e-05,
  1.1191709844559583e-05,
  5.116210214655812e-05,
  0.0007146466321243523,
  0.0076228974093264235,
  0.0008337544041450775,
  0.0038114487046632117,
  1.8562250185048107e-05,
  0.00019799733530717986,
  0.00012993575129533676,
  0.0005939920059215396,
  1.9931902294596596e-05,
  0.00021260695780903042,
  2.3253886010362695e-05,
  0.00010630347890451521,
  1.8119911176905998e-06,
  1.9327905255366405e-05,
  1.2683937823834197e-05,
  5.7983715766099206e-05,
  0.002511419689119171,
  0.026788476683937825,
  0.0029299896373056987,
  0.013394238341968913,
  0.0002283108808290155,
  0.002435316062176166,
  0.0015981761658031086,
  0.007305948186528498,
  4.8559585492227984e-05,
  0.0005179689119170985,
  5.665284974093264e-05,
  0.00025898445595854926,
  1.2612879348630645e-06,
  1.345373797187269e-05,
  8.82901554404145e-06,
  4.036121391561808e-05,
  0.006118507772020724,
  0.0652640829015544,
  0.00713825906735751,
  0.0326320414507772,
  0.00015892227979274608,
  0.0016951709844559583,
  0.001112455958549223,
  0.0050855129533678755,
  0.0005979570688378978,
  0.006378208734270912,
  0.0006976165803108808,
  0.003189104367135456,
  5.435973353071799e-05,
  0.000579837157660992,
  0.0003805181347150259,
  0.0017395114729829761,
  0.003067519763138415,
  0.03272021080680977,
  0.003578773056994818,
  0.016360105403404886,
  0.00027886543301258325,
  0.0029745646188008884,
  0.0019520580310880824,
  0.008923693856402666,
  0.0014567875647668394,
  0.015539067357512955,
  0.001699585492227979,
  0.007769533678756478,
  3.783863804589193e-05,
  0.0004036121391561807,
  0.0002648704663212435,
  0.0012108364174685422,
  0.007473320207253884,
  0.07971541554404145,
  0.00871887357512953,
  0.039857707772020724,
  0.00019411221317542558,
  0.0020705302738712058,
  0.001358785492227979,
  0.0062115908216136195
 ]
}