{
 "0": {
  "variance": 0.9742344563121542,
  "bias": -0.045256707490195384
 }
}