{
 "0": {
  "variance": 0.8977955190621965,
  "bias": -0.0047246815149741776
 },
 "1": {
  "variance": 0.09855837347633398,
  "bias": 0.28892301594603154,
  "0": 0.4943545594542921
 },
 "2": {
  "variance": 1.4093760292889548,
  "bias": 0.26132900381605695,
  "0": -0.49568402590248095,
  "1": 0.7503921753237126
 }
}