{
 "0": {
  "variance": 0.9974877408077156,
  "bias": -0.002001361888785093
 },
 "1": {
  "variance": 0.0999585102189341,
  "bias": 0.3016807769192893,
  "0": 0.50075632859529
 },
 "2": {
  "variance": 1.4939431801634768,
  "bias": 0.30098728059031177,
  "0": -0.5053310270806991,
  "1": 0.8015230035544837
 }
}