{
 "nodes": [
  0,
  1,
  2,
  3,
  4
 ],
 "edges": [
  [
   0,
   2
  ],
  [
   1,
   2
  ],
  [
   2,
   3
  ],
  [
   1,
   4
  ]
 ],
 "proposal-factors": {
  "0": {
   "var": [
    0,
    1,
    2,
    3,
    4
   ],
   "card": [
    2,
    2,
    3,
    2,
    2
   ],
   "val": [
    0.01388888888888889,
    0.02777777777777778,
    0.005434782608695652,
    0.036231884057971016,
    0.03676470588235294,
    0.0049019607843137246,
    0.02314814814814815,
    0.01851851851851852,
    0.03989361702127659,
    0.001773049645390071,
    0.035,
    0.006666666666666667,
    0.013888888888888888,
    0.027777777777777776,
    0.005434782608695652,
    0.036231884057971016,
    0.03676470588235294,
    0.0049019607843137246,
    0.02314814814814815,
    0.01851851851851852,
    0.0398936170212766,
    0.0017730496453900709,
    0.034999999999999996,
    0.006666666666666665,
    0.013888888888888888,
    0.027777777777777776,
    0.005434782608695652,
    0.036231884057971016,
    0.03676470588235294,
    0.004901960784313725,
    0.02314814814814815,
    0.01851851851851852,
    0.0398936170212766,
    0.0017730496453900709,
    0.035,
    0.006666666666666667,
    0.01388888888888889,
    0.02777777777777778,
    0.005434782608695652,
    0.036231884057971016,
    0.03676470588235294,
    0.004901960784313725,
    0.02314814814814815,
    0.01851851851851852,
    0.0398936170212766,
    0.001773049645390071,
    0.034999999999999996,
    0.006666666666666665
   ]
  },
  "1": {
   "var": [
    0,
    1,
    2,
    3,
    4
   ],
   "card": [
    2,
    2,
    3,
    2,
    2
   ],
   "val": [
    0.04104938271604938,
    0.03967780429594272,
    0.000617283950617284,
    0.001988862370723946,
    0.03944246737841044,
    0.031132958801498124,
    0.002224199288256227,
    0.010533707865168539,
    0.034420289855072464,
    0.021903820816864292,
    0.007246376811594204,
    0.01976284584980237,
    0.04104938271604938,
    0.03967780429594272,
    0.0006172839506172839,
    0.001988862370723946,
    0.03944246737841044,
    0.031132958801498124,
    0.002224199288256228,
    0.010533707865168539,
    0.034420289855072464,
    0.0219038208168643,
    0.007246376811594203,
    0.019762845849802372,
    0.019444444444444445,
    0.008663366336633662,
    0.022222222222222223,
    0.03300330033003301,
    0.007882882882882884,
    0.0015597147950089125,
    0.03378378378378378,
    0.040106951871657755,
    0.0024509803921568627,
    0.0005989048596851471,
    0.0392156862745098,
    0.04106776180698152,
    0.019444444444444445,
    0.008663366336633662,
    0.022222222222222216,
    0.033003300330033,
    0.007882882882882884,
    0.0015597147950089125,
    0.033783783783783786,
    0.040106951871657755,
    0.002450980392156863,
    0.0005989048596851471,
    0.03921568627450981,
    0.04106776180698152
   ]
  },
  "2": {
   "var": [
    0,
    1,
    2,
    3,
    4
   ],
   "card": [
    2,
    2,
    3,
    2,
    2
   ],
   "val": [
    0.0038501026694045173,
    0.039668547249647385,
    0.0003916040100250627,
    0.008491847826086958,
    0.020533880903490762,
    0.014104372355430182,
    0.007832080200501253,
    0.0203804347826087,
    0.03811601642710472,
    0.008727080394922426,
    0.054276315789473686,
    0.03362771739130435,
    0.03289473684210526,
    0.05898974597995805,
    0.013923267326732673,
    0.044501582278481014,
    0.029239766081871343,
    0.0034956886506641804,
    0.04641089108910892,
    0.017800632911392403,
    0.0003654970760233918,
    1.4565369377767421e-05,
    0.002165841584158416,
    0.00019778481012658228,
    0.0038501026694045177,
    0.039668547249647385,
    0.0003916040100250627,
    0.008491847826086958,
    0.020533880903490762,
    0.014104372355430182,
    0.007832080200501253,
    0.0203804347826087,
    0.03811601642710472,
    0.008727080394922425,
    0.054276315789473686,
    0.03362771739130435,
    0.03289473684210526,
    0.05898974597995805,
    0.013923267326732673,
    0.044501582278481014,
    0.029239766081871343,
    0.00349568865066418,
    0.04641089108910892,
    0.017800632911392403,
    0.0003654970760233918,
    1.456536937776742e-05,
    0.002165841584158416,
    0.00019778481012658228
   ]
  },
  "3": {
   "var": [
    0,
    1,
    2,
    3,
    4
   ],
   "card": [
    2,
    2,
    3,
    2,
    2
   ],
   "val": [
    0.004166666666666667,
    0.004166666666666667,
    0.004166666666666667,
    0.004166666666666667,
    0.016666666666666666,
    0.016666666666666666,
    0.016666666666666666,
    0.016666666666666666,
    0.04125,
    0.04125,
    0.04125,
    0.04125,
    0.0375,
    0.0375,
    0.0375,
    0.0375,
    0.024999999999999994,
    0.024999999999999994,
    0.024999999999999998,
    0.024999999999999998,
    0.0004166666666666667,
    0.0004166666666666667,
    0.0004166666666666667,
    0.0004166666666666666,
    0.004166666666666667,
    0.004166666666666667,
    0.004166666666666667,
    0.004166666666666667,
    0.016666666666666666,
    0.01666666666666667,
    0.016666666666666666,
    0.016666666666666666,
    0.04125,
    0.04125,
    0.04125,
    0.04125,
    0.0375,
    0.0375,
    0.0375,
    0.0375,
    0.024999999999999998,
    0.024999999999999998,
    0.024999999999999998,
    0.024999999999999998,
    0.0004166666666666667,
    0.0004166666666666667,
    0.0004166666666666667,
    0.0004166666666666666
   ]
  },
  "4": {
   "var": [
    0,
    1,
    2,
    3,
    4
   ],
   "card": [
    2,
    2,
    3,
    2,
    2
   ],
   "val": [
    0.03958333333333334,
    0.03958333333333334,
    0.008333333333333333,
    0.008333333333333335,
    0.03958333333333334,
    0.03958333333333334,
    0.008333333333333335,
    0.008333333333333333,
    0.03958333333333334,
    0.03958333333333334,
    0.008333333333333335,
    0.008333333333333335,
    0.039583333333333345,
    0.039583333333333345,
    0.008333333333333335,
    0.008333333333333333,
    0.03958333333333334,
    0.03958333333333334,
    0.008333333333333333,
    0.008333333333333333,
    0.039583333333333345,
    0.03958333333333334,
    0.008333333333333333,
    0.008333333333333335,
    0.0020833333333333337,
    0.0020833333333333337,
    0.03333333333333333,
    0.03333333333333334,
    0.0020833333333333337,
    0.0020833333333333337,
    0.03333333333333334,
    0.03333333333333333,
    0.0020833333333333337,
    0.0020833333333333337,
    0.03333333333333334,
    0.03333333333333334,
    0.002083333333333334,
    0.002083333333333334,
    0.03333333333333334,
    0.03333333333333333,
    0.0020833333333333337,
    0.0020833333333333337,
    0.03333333333333333,
    0.03333333333333333,
    0.002083333333333334,
    0.0020833333333333337,
    0.03333333333333333,
    0.03333333333333334
   ]
  }
 },
 "evidence": {
  "2": 1
 },
 "initial-samples": {
  "0": 0,
  "1": 0,
  "2": 0,
  "3": 0,
  "4": 0
 },
 "num-iterations": 10000,
 "num-burn-in": 1000
}