{
 "var": [
  0,
  1,
  3,
  4
 ],
 "card": [
  2,
  2,
  2,
  2
 ],
 "val": [
  0.23522476050110544,
  0.03136330140014739,
  0.01326455416359617,
  0.010611643330876936,
  0.3528371407516581,
  0.047044952100221075,
  0.019896831245394254,
  0.015917464996315404,
  0.012380250552689761,
  0.0016507000736919678,
  0.05305821665438468,
  0.04244657332350774,
  0.018570375829034636,
  0.0024760501105379517,
  0.07958732498157702,
  0.06366985998526162
 ]
}